{
  "project_info": {
    "project_number": "412098308750",
    "project_id": "i-m-nurse",
    "storage_bucket": "i-m-nurse.appspot.com"
  },
  "client": [
    {
      "client_info": {
        "mobilesdk_app_id": "1:412098308750:android:e4d9a46f1e7195753577df",
        "android_client_info": {
          "package_name": "com.example.findnurse"
        }
      },
      "oauth_client": [
        {
          "client_id": "412098308750-j8fmndumdjeig79c48o1pqt732li335o.apps.googleusercontent.com",
          "client_type": 3
        }
      ],
      "api_key": [
        {
          "current_key": "AIzaSyDdqWMxlRpDY9AxkPrhB2KBqYyu_gT708k"
        }
      ],
      "services": {
        "appinvite_service": {
          "other_platform_oauth_client": [
            {
              "client_id": "412098308750-j8fmndumdjeig79c48o1pqt732li335o.apps.googleusercontent.com",
              "client_type": 3
            }
          ]
        }
      }
    }
  ],
  "configuration_version": "1"
}